,id,max_time,min_time,11_days_length
0,52863,2019-08-16 05:47:29,2019-08-15 23:47:30,2
1,52862,2019-08-16 05:47:26,2019-08-15 23:47:26,2
2,52861,2019-08-16 05:47:25,2019-08-15 23:47:25,2
3,52860,2019-08-16 05:47:29,2019-08-15 23:47:28,2
4,52859,2019-08-16 05:47:27,2019-08-15 23:47:27,2
5,52858,2019-08-16 08:28:37,2019-08-15 21:28:37,12
6,52857,2019-08-16 08:28:35,2019-08-15 22:28:35,11
7,52856,2019-08-16 09:19:03,2019-08-15 21:19:03,13
8,52855,2019-08-16 09:19:01,2019-08-15 22:19:01,12
9,52854,2019-08-16 09:04:05,2019-08-15 21:04:05,13
10,52853,2019-08-16 09:04:03,2019-08-15 22:04:03,12
11,52852,2019-08-16 09:01:56,2019-08-15 21:01:56,13
12,52851,2019-08-16 09:01:54,2019-08-15 22:01:54,12
13,52850,2019-08-16 09:01:13,2019-08-15 21:01:13,13
14,52849,2019-08-16 09:01:11,2019-08-15 22:01:11,12
15,52848,2019-08-16 09:04:48,2019-08-15 21:04:48,13
16,52847,2019-08-16 09:04:46,2019-08-15 22:04:46,12
17,52846,2019-08-16 09:03:22,2019-08-15 21:03:22,13
18,52845,2019-08-16 09:03:20,2019-08-15 22:03:20,12
19,52844,2019-08-16 09:11:16,2019-08-15 21:11:16,13
20,52843,2019-08-16 09:11:14,2019-08-15 22:11:14,12
21,52842,2019-08-16 09:02:39,2019-08-15 21:02:39,13
22,52841,2019-08-16 09:02:37,2019-08-15 22:02:37,12
23,52840,2019-08-16 08:59:47,2019-08-15 20:59:47,13
24,52839,2019-08-16 08:59:45,2019-08-15 21:59:45,12
25,52838,2019-08-16 09:19:21,2019-08-15 20:39:21,152
26,52837,2019-08-16 09:19:15,2019-08-15 20:39:15,151
27,52836,2019-08-16 09:19:03,2019-08-15 20:39:03,151
28,52835,2019-08-16 09:18:52,2019-08-15 20:38:52,151
29,52834,2019-08-16 09:18:26,2019-08-15 20:38:26,150
30,52833,2019-08-16 09:18:19,2019-08-15 20:38:19,151
31,52832,2019-08-16 09:17:41,2019-08-15 20:37:41,153
32,52831,2019-08-16 09:17:10,2019-08-15 20:37:10,151
33,52830,2019-08-16 09:16:58,2019-08-15 20:36:58,152
34,52829,2019-08-16 09:19:23,2019-08-15 20:36:23,764
35,52828,2019-08-16 09:19:21,2019-08-15 20:36:21,764
36,52827,2019-08-16 09:19:19,2019-08-15 20:36:19,764
37,52826,2019-08-16 09:19:18,2019-08-15 20:36:18,764
38,52825,2019-08-16 09:19:18,2019-08-15 20:36:18,764
39,52824,2019-08-16 09:19:17,2019-08-15 20:36:17,764
40,52823,2019-08-16 09:19:17,2019-08-15 20:36:17,764
41,52822,2019-08-16 09:19:16,2019-08-15 20:36:16,764
42,52821,2019-08-16 09:19:16,2019-08-15 20:36:16,764
43,52820,2019-08-16 09:19:15,2019-08-15 20:36:15,764
44,52819,2019-08-16 09:19:15,2019-08-15 20:36:15,764
45,52818,2019-08-16 09:19:15,2019-08-15 20:36:15,764
46,52817,2019-08-16 09:19:15,2019-08-15 20:36:15,764
47,52816,2019-08-16 09:19:15,2019-08-15 20:36:15,764
48,52815,2019-08-16 09:19:14,2019-08-15 20:36:14,764
49,52814,2019-08-16 09:19:14,2019-08-15 20:36:14,764
50,52813,2019-08-16 09:19:14,2019-08-15 20:36:14,764
51,52812,2019-08-16 09:19:13,2019-08-15 20:36:13,764
52,52811,2019-08-16 09:19:13,2019-08-15 20:36:13,764
53,52810,2019-08-16 09:19:12,2019-08-15 20:36:12,764
54,52809,2019-08-16 09:19:12,2019-08-15 20:36:12,764
55,52808,2019-08-16 09:19:11,2019-08-15 20:36:11,764
56,52807,2019-08-16 09:19:11,2019-08-15 20:36:11,764
57,52806,2019-08-16 09:19:10,2019-08-15 20:36:10,764
58,52805,2019-08-16 09:19:09,2019-08-15 20:36:09,764
59,52804,2019-08-16 09:19:08,2019-08-15 20:36:08,764
60,52803,2019-08-16 09:19:08,2019-08-15 20:36:08,764
61,52802,2019-08-16 09:19:06,2019-08-15 20:36:06,764
62,52801,2019-08-16 09:19:57,2019-08-15 20:35:57,765
63,52800,2019-08-16 09:19:56,2019-08-15 20:35:56,765
64,52799,2019-08-16 09:19:52,2019-08-15 20:35:52,765
65,52798,2019-08-16 09:19:51,2019-08-15 20:35:51,765
66,52797,2019-08-16 09:19:49,2019-08-15 20:35:49,765
67,52796,2019-08-16 09:19:48,2019-08-15 20:35:48,765
68,52795,2019-08-16 09:19:47,2019-08-15 20:35:47,765
69,52794,2019-08-16 09:19:46,2019-08-15 20:35:46,765
70,52793,2019-08-16 09:19:45,2019-08-15 20:35:45,765
71,52792,2019-08-16 09:19:46,2019-08-15 20:35:46,765
72,52791,2019-08-16 09:19:45,2019-08-15 20:35:45,765
73,52790,2019-08-16 09:19:44,2019-08-15 20:35:44,765
74,52789,2019-08-16 09:19:44,2019-08-15 20:35:44,765
75,52788,2019-08-16 09:19:43,2019-08-15 20:35:43,765
76,52787,2019-08-16 09:19:43,2019-08-15 20:35:43,765
77,52786,2019-08-16 09:19:42,2019-08-15 20:35:42,765
78,52785,2019-08-16 09:19:41,2019-08-15 20:35:41,765
79,52784,2019-08-16 09:19:40,2019-08-15 20:35:40,765
80,52783,2019-08-16 09:19:39,2019-08-15 20:35:39,765
81,52781,2019-08-16 09:19:38,2019-08-15 20:35:38,765
82,52780,2019-08-16 09:19:38,2019-08-15 20:35:38,765
83,52779,2019-08-16 09:19:38,2019-08-15 20:35:38,765
84,52778,2019-08-16 09:19:37,2019-08-15 20:35:37,765
85,52777,2019-08-16 09:19:37,2019-08-15 20:35:37,765
86,52776,2019-08-16 09:19:37,2019-08-15 20:35:37,765
87,52775,2019-08-16 09:19:37,2019-08-15 20:35:37,765
88,52774,2019-08-16 09:19:37,2019-08-15 20:35:37,765
89,52773,2019-08-16 09:19:36,2019-08-15 20:35:36,765
90,52772,2019-08-16 09:19:37,2019-08-15 20:35:37,765
91,52771,2019-08-16 09:19:36,2019-08-15 20:35:36,765
92,52770,2019-08-16 09:19:36,2019-08-15 20:35:36,765
93,52769,2019-08-16 09:19:36,2019-08-15 20:35:36,765
94,52768,2019-08-16 09:19:35,2019-08-15 20:35:35,765
95,52767,2019-08-16 09:19:35,2019-08-15 20:35:35,765
96,52766,2019-08-16 09:19:35,2019-08-15 20:35:35,765
97,52765,2019-08-16 09:19:35,2019-08-15 20:35:35,765
98,52764,2019-08-16 09:19:35,2019-08-15 20:35:35,765
99,52763,2019-08-16 09:19:35,2019-08-15 20:35:35,765
100,52762,2019-08-16 09:19:35,2019-08-15 20:35:35,765
101,52761,2019-08-16 09:19:34,2019-08-15 20:35:34,765
102,52760,2019-08-16 09:19:34,2019-08-15 20:35:34,765
103,52759,2019-08-16 09:19:34,2019-08-15 20:35:34,765
104,52758,2019-08-16 09:19:34,2019-08-15 20:35:34,765
105,52757,2019-08-16 09:19:33,2019-08-15 20:35:33,765
106,52756,2019-08-16 09:19:33,2019-08-15 20:35:33,765
107,52755,2019-08-16 09:19:32,2019-08-15 20:35:32,765
108,52754,2019-08-16 09:19:32,2019-08-15 20:35:32,765
109,52753,2019-08-16 09:19:32,2019-08-15 20:35:32,765
110,52752,2019-08-16 09:19:32,2019-08-15 20:35:32,765
111,52751,2019-08-16 09:19:32,2019-08-15 20:35:32,765
112,52750,2019-08-16 09:19:32,2019-08-15 20:35:32,765
113,52749,2019-08-16 09:19:32,2019-08-15 20:35:32,765
114,52748,2019-08-16 09:19:31,2019-08-15 20:35:31,765
115,52747,2019-08-16 09:19:31,2019-08-15 20:35:31,765
116,52746,2019-08-16 09:19:31,2019-08-15 20:35:31,765
117,52745,2019-08-16 09:19:30,2019-08-15 20:35:30,765
118,52744,2019-08-16 09:19:30,2019-08-15 20:35:30,765
119,52743,2019-08-16 09:19:29,2019-08-15 20:35:29,765
120,52742,2019-08-16 09:19:28,2019-08-15 20:35:28,765
121,52741,2019-08-16 09:19:28,2019-08-15 20:35:28,765
122,52740,2019-08-16 09:19:28,2019-08-15 20:35:28,765
123,52739,2019-08-16 09:19:27,2019-08-15 20:35:27,765
124,52738,2019-08-16 09:19:27,2019-08-15 20:35:27,765
125,52737,2019-08-16 09:19:26,2019-08-15 20:35:26,765
126,52736,2019-08-16 09:19:26,2019-08-15 20:35:26,765
127,52735,2019-08-16 09:19:26,2019-08-15 20:35:26,765
128,52734,2019-08-16 09:19:25,2019-08-15 20:35:25,765
129,52733,2019-08-16 09:19:25,2019-08-15 20:35:25,765
130,52732,2019-08-16 09:19:24,2019-08-15 20:35:24,765
131,52731,2019-08-16 09:19:23,2019-08-15 20:36:23,752
132,52730,2019-08-16 09:19:21,2019-08-15 20:36:21,757
133,52729,2019-08-16 09:19:20,2019-08-15 20:36:20,752
134,52728,2019-08-16 09:19:20,2019-08-15 20:36:20,752
135,52727,2019-08-16 09:19:19,2019-08-15 20:36:19,752
136,52726,2019-08-16 09:19:19,2019-08-15 20:36:19,752
137,52725,2019-08-16 09:19:15,2019-08-15 20:36:15,752
138,52724,2019-08-16 09:19:17,2019-08-15 20:36:17,752
139,52723,2019-08-16 09:19:16,2019-08-15 20:36:16,755
140,52722,2019-08-16 09:19:15,2019-08-15 20:36:15,752
141,52721,2019-08-16 09:19:15,2019-08-15 20:36:15,752
142,52720,2019-08-16 09:19:15,2019-08-15 20:36:15,752
143,52719,2019-08-16 09:19:15,2019-08-15 20:36:15,750
144,52718,2019-08-16 09:19:09,2019-08-15 20:36:09,754
145,52717,2019-08-16 09:19:07,2019-08-15 20:36:08,757
146,52716,2019-08-16 09:19:08,2019-08-15 20:36:08,749
147,52715,2019-08-16 09:19:02,2019-08-15 20:36:02,753
148,52714,2019-08-16 09:19:00,2019-08-15 20:36:00,750
149,52713,2019-08-16 09:19:01,2019-08-15 20:36:01,755
150,52712,2019-08-16 09:18:59,2019-08-15 20:35:59,750
151,52711,2019-08-16 09:19:57,2019-08-15 20:35:57,751
152,52710,2019-08-16 09:19:56,2019-08-15 20:35:56,760
153,52709,2019-08-16 09:19:55,2019-08-15 20:35:55,750
154,52708,2019-08-16 09:19:54,2019-08-15 20:35:54,756
155,52707,2019-08-16 09:19:53,2019-08-15 20:35:53,751
156,52706,2019-08-16 09:19:52,2019-08-15 20:35:52,752
157,52705,2019-08-16 09:19:52,2019-08-15 20:35:52,752
158,52704,2019-08-16 09:19:51,2019-08-15 20:35:51,758
159,52703,2019-08-16 09:19:51,2019-08-15 20:35:51,758
160,52702,2019-08-16 09:19:51,2019-08-15 20:35:51,758
161,52701,2019-08-16 09:19:50,2019-08-15 20:35:50,757
162,52700,2019-08-16 09:19:50,2019-08-15 20:35:50,757
163,52699,2019-08-16 09:19:49,2019-08-15 20:35:49,753
164,52698,2019-08-16 09:19:49,2019-08-15 20:35:49,753
165,52697,2019-08-16 09:19:49,2019-08-15 20:35:49,754
166,52696,2019-08-16 09:19:48,2019-08-15 20:35:48,757
167,52695,2019-08-16 09:19:47,2019-08-15 20:35:47,760
168,52694,2019-08-16 09:19:47,2019-08-15 20:35:47,760
169,52693,2019-08-16 09:19:46,2019-08-15 20:35:46,756
170,52692,2019-08-16 09:19:45,2019-08-15 20:35:45,754
171,52691,2019-08-16 09:19:45,2019-08-15 20:35:45,754
172,52690,2019-08-16 09:19:44,2019-08-15 20:35:44,754
173,52689,2019-08-16 09:19:43,2019-08-15 20:35:43,754
174,52688,2019-08-16 09:19:42,2019-08-15 20:35:42,754
175,52687,2019-08-16 09:19:43,2019-08-15 20:35:43,754
176,52686,2019-08-16 09:19:42,2019-08-15 20:35:42,754
177,52685,2019-08-16 09:19:41,2019-08-15 20:35:41,758
178,52684,2019-08-16 09:19:41,2019-08-15 20:35:41,758
179,52683,2019-08-16 09:19:41,2019-08-15 20:35:41,758
180,52682,2019-08-16 09:19:40,2019-08-15 20:35:40,755
181,52681,2019-08-16 09:19:40,2019-08-15 20:35:40,755
182,52680,2019-08-16 09:19:40,2019-08-15 20:35:40,755
183,52678,2019-08-16 09:19:39,2019-08-15 20:35:39,758
184,52677,2019-08-16 09:19:39,2019-08-15 20:35:39,758
185,52676,2019-08-16 09:19:39,2019-08-15 20:35:39,758
186,52674,2019-08-16 09:19:38,2019-08-15 20:35:38,753
187,52673,2019-08-16 09:19:34,2019-08-15 20:35:34,755
188,52672,2019-08-16 09:19:33,2019-08-15 20:35:33,757
189,52671,2019-08-16 09:19:32,2019-08-15 20:35:32,753
190,52670,2019-08-16 09:19:32,2019-08-15 20:35:32,753
191,52669,2019-08-16 09:19:31,2019-08-15 20:35:31,753
192,52668,2019-08-16 09:19:30,2019-08-15 20:35:30,747
193,52667,2019-08-16 09:19:27,2019-08-15 20:35:27,756
194,52666,2019-08-16 09:19:26,2019-08-15 20:35:26,757
195,52665,2019-08-16 09:19:26,2019-08-15 20:35:26,758
196,52664,2019-08-16 09:19:25,2019-08-15 20:35:25,757
197,52663,2019-08-16 09:19:25,2019-08-15 20:35:25,757
198,52662,2019-08-16 09:19:24,2019-08-15 20:35:24,752
199,52660,2019-08-16 09:18:00,2019-08-15 20:34:00,765
200,52658,2019-08-16 09:18:00,2019-08-15 20:33:00,765
201,52656,2019-08-16 09:18:00,2019-08-15 20:33:00,765
202,52654,2019-08-16 09:18:00,2019-08-15 20:33:00,765
203,52652,2019-08-16 09:18:00,2019-08-15 20:33:00,765
204,52650,2019-08-16 09:18:00,2019-08-15 20:33:00,765
205,52648,2019-08-16 09:18:00,2019-08-15 20:33:00,765
206,52646,2019-08-16 09:18:00,2019-08-15 20:33:00,765
207,52644,2019-08-16 09:18:00,2019-08-15 20:33:00,765
208,52642,2019-08-16 09:18:00,2019-08-15 20:33:00,765
209,52640,2019-08-16 09:18:00,2019-08-15 20:33:00,765
210,52638,2019-08-16 09:18:00,2019-08-15 20:33:00,765
211,52636,2019-08-16 09:18:00,2019-08-15 20:33:00,765
212,52634,2019-08-16 09:18:00,2019-08-15 20:33:00,765
213,52632,2019-08-16 09:18:00,2019-08-15 20:33:00,765
214,52630,2019-08-16 09:18:00,2019-08-15 20:33:00,765
215,52628,2019-08-16 09:18:00,2019-08-15 20:34:00,765
216,52626,2019-08-16 09:18:00,2019-08-15 20:33:00,765
217,52624,2019-08-16 09:18:00,2019-08-15 20:33:00,765
218,52622,2019-08-16 09:18:00,2019-08-15 20:33:00,765
219,52619,2019-08-16 09:18:00,2019-08-15 20:33:00,765
220,52618,2019-08-16 09:18:00,2019-08-15 20:33:00,765
221,52616,2019-08-16 09:18:00,2019-08-15 20:33:00,765
222,52614,2019-08-16 09:18:00,2019-08-15 20:33:00,765
223,52612,2019-08-16 09:18:00,2019-08-15 20:33:00,765
224,52610,2019-08-16 09:18:00,2019-08-15 20:33:00,765
225,52608,2019-08-16 09:18:00,2019-08-15 20:33:00,765
226,52606,2019-08-16 09:18:00,2019-08-15 20:33:00,765
227,52604,2019-08-16 09:18:00,2019-08-15 20:33:00,765
228,52602,2019-08-16 09:18:00,2019-08-15 20:33:00,765
229,52600,2019-08-16 09:18:00,2019-08-15 20:33:00,765
230,52598,2019-08-16 09:18:00,2019-08-15 20:33:00,765
231,52596,2019-08-16 09:18:00,2019-08-15 20:33:00,765
232,52594,2019-08-16 09:18:00,2019-08-15 20:33:00,765
233,52592,2019-08-16 09:18:00,2019-08-15 20:33:00,765
234,52590,2019-08-16 09:18:00,2019-08-15 20:34:00,765
235,52588,2019-08-16 09:18:00,2019-08-15 20:33:00,765
236,52586,2019-08-16 09:18:00,2019-08-15 20:34:00,765
237,52584,2019-08-16 09:18:00,2019-08-15 20:33:00,765
238,52582,2019-08-16 09:18:00,2019-08-15 20:33:00,765
239,52580,2019-08-16 09:18:00,2019-08-15 20:33:00,765
240,52578,2019-08-16 09:18:00,2019-08-15 20:33:00,765
241,52576,2019-08-16 09:18:00,2019-08-15 20:33:00,765
242,52574,2019-08-16 09:18:00,2019-08-15 20:33:00,765
243,52572,2019-08-16 09:18:00,2019-08-15 20:33:00,765
244,52570,2019-08-16 09:18:00,2019-08-15 20:33:00,765
245,52568,2019-08-16 09:18:00,2019-08-15 20:33:00,765
246,52566,,,0
247,52564,,,0
248,52562,,,0
249,52560,,,0
250,52558,,,0
251,52556,,,0
252,52554,,,0
253,52552,2019-08-16 09:18:00,2019-08-15 20:33:00,765
254,52550,,,0
255,52548,2019-08-16 09:18:00,2019-08-15 20:33:00,765
256,52546,,,0
257,52544,,,0
258,52542,,,0
259,52540,,,0
260,52538,,,0
261,52536,,,0
262,52534,,,0
263,52531,2019-08-16 09:18:00,2019-08-15 20:33:00,765
264,52529,2019-08-16 09:18:00,2019-08-15 20:33:00,765
265,52528,,,0
266,52526,2019-08-16 09:18:00,2019-08-15 20:34:00,765
267,52524,2019-08-16 09:18:00,2019-08-15 20:33:00,765
268,52522,2019-08-16 09:18:00,2019-08-15 20:33:00,765
269,52520,2019-08-16 09:18:00,2019-08-15 20:33:00,765
270,52518,2019-08-16 09:18:00,2019-08-15 20:33:00,765
271,52516,2019-08-16 09:18:00,2019-08-15 20:33:00,765
272,52515,2019-08-16 09:18:00,2019-08-15 20:33:00,765
273,52513,2019-08-16 09:18:00,2019-08-15 20:34:00,765
274,52510,2019-08-16 09:18:00,2019-08-15 20:33:00,765
275,52508,2019-08-16 09:18:00,2019-08-15 20:33:00,765
276,52505,2019-08-16 09:18:00,2019-08-15 20:34:00,765
277,52504,2019-08-16 09:18:00,2019-08-15 20:34:00,765
278,52500,2019-08-16 09:18:00,2019-08-15 20:33:00,765
279,52498,2019-08-16 09:18:00,2019-08-15 20:33:00,765
280,52497,2019-08-16 09:18:00,2019-08-15 20:34:00,765
281,52496,2019-08-16 09:18:00,2019-08-15 20:33:00,765
282,52494,2019-08-16 09:18:00,2019-08-15 20:33:00,765
283,52492,2019-08-16 09:18:00,2019-08-15 20:34:00,765
284,52490,2019-08-16 09:18:00,2019-08-15 20:34:00,765
285,52488,2019-08-16 09:18:00,2019-08-15 20:33:00,765
286,52486,2019-08-16 09:18:00,2019-08-15 20:33:00,765
287,52484,2019-08-16 09:18:00,2019-08-15 20:33:00,765
288,52482,2019-08-16 09:18:00,2019-08-15 20:33:00,765
289,52481,2019-08-16 08:57:38,2019-08-15 20:57:38,13
290,52480,2019-08-16 08:57:36,2019-08-15 21:57:36,12
291,52479,2019-08-16 08:51:43,2019-08-15 20:51:43,13
292,52478,2019-08-16 08:51:41,2019-08-15 21:51:41,12
293,52477,2019-08-16 09:16:48,2019-08-15 20:36:48,77
294,52476,2019-08-16 09:16:40,2019-08-15 20:36:39,77
295,52475,2019-08-16 09:16:32,2019-08-15 20:36:31,77
296,52474,2019-08-16 09:16:43,2019-08-15 20:36:43,152
297,52473,2019-08-16 09:16:44,2019-08-15 20:36:44,151
298,52472,2019-08-16 09:16:45,2019-08-15 20:36:45,148
299,52471,2019-08-16 09:16:17,2019-08-15 20:36:17,77
300,52470,2019-08-16 09:16:18,2019-08-15 20:36:18,77
301,52469,2019-08-16 09:19:23,2019-08-15 20:36:23,764
302,52468,2019-08-16 09:19:23,2019-08-15 20:36:23,764
303,52467,2019-08-16 09:19:23,2019-08-15 20:36:23,764
304,52466,2019-08-16 09:19:22,2019-08-15 20:36:22,764
305,52465,2019-08-16 09:19:22,2019-08-15 20:36:22,764
306,52464,2019-08-16 09:19:22,2019-08-15 20:36:22,764
307,52463,2019-08-16 09:19:21,2019-08-15 20:36:21,764
308,52462,2019-08-16 09:19:21,2019-08-15 20:36:21,764
309,52461,2019-08-16 09:19:20,2019-08-15 20:36:20,764
310,52460,2019-08-16 09:19:20,2019-08-15 20:36:20,764
311,52459,2019-08-16 09:19:18,2019-08-15 20:36:18,764
312,52458,2019-08-16 09:19:17,2019-08-15 20:36:17,764
313,52457,2019-08-16 09:19:16,2019-08-15 20:36:16,764
314,52456,2019-08-16 09:19:15,2019-08-15 20:36:15,764
315,52455,2019-08-16 09:19:13,2019-08-15 20:36:13,764
316,52454,2019-08-16 09:19:11,2019-08-15 20:36:11,764
317,52453,2019-08-16 09:19:11,2019-08-15 20:36:11,764
318,52452,2019-08-16 09:19:10,2019-08-15 20:36:10,764
319,52451,2019-08-16 09:19:10,2019-08-15 20:36:10,764
320,52450,2019-08-16 09:19:09,2019-08-15 20:36:09,764
321,52449,2019-08-16 09:19:08,2019-08-15 20:36:08,764
322,52448,2019-08-16 09:19:01,2019-08-15 20:36:01,764
323,52447,2019-08-16 09:19:57,2019-08-15 20:35:57,765
324,52446,2019-08-16 09:19:56,2019-08-15 20:35:56,765
325,52445,2019-08-16 09:19:55,2019-08-15 20:35:55,765
326,52444,2019-08-16 09:19:55,2019-08-15 20:35:55,765
327,52443,2019-08-16 09:19:55,2019-08-15 20:35:55,765
328,52442,2019-08-16 09:19:54,2019-08-15 20:35:54,765
329,52441,2019-08-16 09:19:54,2019-08-15 20:35:54,765
330,52440,2019-08-16 09:19:54,2019-08-15 20:35:54,765
331,52439,2019-08-16 09:19:53,2019-08-15 20:35:53,765
332,52438,2019-08-16 09:19:53,2019-08-15 20:35:53,765
333,52437,2019-08-16 09:19:53,2019-08-15 20:35:53,765
334,52436,2019-08-16 09:19:52,2019-08-15 20:35:52,765
335,52435,2019-08-16 09:19:49,2019-08-15 20:35:49,765
336,52434,2019-08-16 09:19:50,2019-08-15 20:35:50,765
337,52433,2019-08-16 09:19:51,2019-08-15 20:35:51,765
338,52432,2019-08-16 09:19:28,2019-08-15 20:35:28,765
339,52431,2019-08-16 09:19:27,2019-08-15 20:35:27,765
340,52430,2019-08-16 09:19:27,2019-08-15 20:35:27,765
341,52429,2019-08-16 09:19:27,2019-08-15 20:35:27,765
342,52428,2019-08-16 09:19:26,2019-08-15 20:35:26,765
343,52427,2019-08-16 09:19:26,2019-08-15 20:35:26,765
344,52426,2019-08-16 09:19:25,2019-08-15 20:35:25,765
345,52425,2019-08-16 09:19:25,2019-08-15 20:35:25,765
346,52424,2019-08-16 09:19:24,2019-08-15 20:35:24,765
347,52423,2019-08-16 09:19:22,2019-08-15 20:36:22,753
348,52422,2019-08-16 09:19:21,2019-08-15 20:36:21,757
349,52421,2019-08-16 09:19:21,2019-08-15 20:36:21,757
350,52420,2019-08-16 09:19:20,2019-08-15 20:36:20,752
351,52419,2019-08-16 09:19:20,2019-08-15 20:36:20,752
352,52418,2019-08-16 09:19:19,2019-08-15 20:36:19,751
353,52417,2019-08-16 09:19:18,2019-08-15 20:36:18,755
354,52416,2019-08-16 09:19:17,2019-08-15 20:36:17,752
355,52415,2019-08-16 09:19:17,2019-08-15 20:36:17,752
356,52414,2019-08-16 09:19:16,2019-08-15 20:36:16,755
357,52413,2019-08-16 09:19:16,2019-08-15 20:36:16,754
358,52412,2019-08-16 09:19:16,2019-08-15 20:36:16,754
359,52411,2019-08-16 09:19:15,2019-08-15 20:36:15,751
360,52410,2019-08-16 09:19:14,2019-08-15 20:36:14,755
361,52409,2019-08-16 09:19:14,2019-08-15 20:36:14,754
362,52408,2019-08-16 09:19:13,2019-08-15 20:36:13,752
363,52407,2019-08-16 09:19:12,2019-08-15 20:36:12,753
364,52406,2019-08-16 09:19:11,2019-08-15 20:36:11,754
365,52405,2019-08-16 09:19:10,2019-08-15 20:36:10,754
366,52404,2019-08-16 09:19:09,2019-08-15 20:36:09,754
367,52403,2019-08-16 09:19:06,2019-08-15 20:36:06,757
368,52402,2019-08-16 09:19:08,2019-08-15 20:36:08,749
369,52401,2019-08-16 09:19:04,2019-08-15 20:36:04,754
370,52400,2019-08-16 09:19:05,2019-08-15 20:36:05,752
371,52399,2019-08-16 09:19:04,2019-08-15 20:36:04,754
372,52398,2019-08-16 09:19:03,2019-08-15 20:36:03,758
373,52397,2019-08-16 09:19:02,2019-08-15 20:36:02,753
374,52396,2019-08-16 09:19:00,2019-08-15 20:36:00,750
375,52395,2019-08-16 09:19:37,2019-08-15 20:35:37,751
376,52394,2019-08-16 09:18:59,2019-08-15 20:35:59,750
377,52393,2019-08-16 09:19:37,2019-08-15 20:35:37,751
378,52392,2019-08-16 09:19:58,2019-08-15 20:35:58,756
379,52391,2019-08-16 09:19:37,2019-08-15 20:35:37,750
380,52390,2019-08-16 09:19:36,2019-08-15 20:35:36,753
381,52389,2019-08-16 09:19:34,2019-08-15 20:35:34,755
382,52388,2019-08-16 09:19:35,2019-08-15 20:35:35,757
383,52387,2019-08-16 09:19:31,2019-08-15 20:35:32,753
384,52386,2019-08-16 09:19:32,2019-08-15 20:35:32,753
385,52385,2019-08-16 09:19:32,2019-08-15 20:35:32,753
386,52384,2019-08-16 09:19:31,2019-08-15 20:35:31,753
387,52383,2019-08-16 09:19:30,2019-08-15 20:35:30,747
388,52382,2019-08-16 09:19:30,2019-08-15 20:35:30,747
389,52381,2019-08-16 09:19:29,2019-08-15 20:35:29,757
390,52380,2019-08-16 09:19:27,2019-08-15 20:35:27,756
391,52379,2019-08-16 09:19:27,2019-08-15 20:35:27,756
392,52378,2019-08-16 09:19:26,2019-08-15 20:35:26,757
393,52377,2019-08-16 09:19:26,2019-08-15 20:35:26,757
394,52376,2019-08-16 09:19:26,2019-08-15 20:35:26,757
395,52375,2019-08-16 09:19:25,2019-08-15 20:35:25,757
396,52374,2019-08-16 09:19:25,2019-08-15 20:35:25,757
397,52373,2019-08-16 09:19:25,2019-08-15 20:35:25,757
398,52372,2019-08-16 09:19:24,2019-08-15 20:35:24,751
399,52371,2019-08-16 09:19:24,2019-08-15 20:35:24,752
400,52370,2019-08-16 08:51:00,2019-08-15 20:51:00,13
401,52369,2019-08-16 08:50:58,2019-08-15 21:50:58,12
402,52368,2019-08-16 08:50:17,2019-08-15 20:50:17,13
403,52367,2019-08-16 08:50:15,2019-08-15 21:50:15,12
404,52366,2019-08-16 09:20:06,2019-08-15 20:36:33,680
405,52365,2019-08-16 09:19:23,2019-08-15 20:36:23,764
406,52364,2019-08-16 09:19:22,2019-08-15 20:36:22,764
407,52363,2019-08-16 09:19:22,2019-08-15 20:36:22,764
408,52362,2019-08-16 09:19:21,2019-08-15 20:36:21,764
409,52361,2019-08-16 09:19:20,2019-08-15 20:36:20,764
410,52360,2019-08-16 09:19:19,2019-08-15 20:36:19,764
411,52359,2019-08-16 09:19:20,2019-08-15 20:36:20,764
412,52358,2019-08-16 09:19:18,2019-08-15 20:36:18,764
413,52357,2019-08-16 09:19:18,2019-08-15 20:36:18,764
414,52356,2019-08-16 09:19:14,2019-08-15 20:36:14,764
415,52355,2019-08-16 09:19:17,2019-08-15 20:36:17,764
416,52354,2019-08-16 09:19:16,2019-08-15 20:36:16,764
417,52353,2019-08-16 09:19:15,2019-08-15 20:36:15,764
418,52352,2019-08-16 09:19:14,2019-08-15 20:36:14,764
419,52351,2019-08-16 09:19:13,2019-08-15 20:36:13,764
420,52350,2019-08-16 09:19:14,2019-08-15 20:36:14,764
421,52349,2019-08-16 09:19:13,2019-08-15 20:36:13,764
422,52348,2019-08-16 09:19:12,2019-08-15 20:36:12,764
423,52347,2019-08-16 09:19:10,2019-08-15 20:36:10,764
424,52346,2019-08-16 09:19:10,2019-08-15 20:36:10,764
425,52345,2019-08-16 09:19:12,2019-08-15 20:36:12,764
426,52344,2019-08-16 09:19:11,2019-08-15 20:36:11,764
427,52343,2019-08-16 09:19:12,2019-08-15 20:36:12,764
428,52342,2019-08-16 09:19:11,2019-08-15 20:36:11,764
429,52341,2019-08-16 09:19:11,2019-08-15 20:36:11,764
430,52340,2019-08-16 09:19:09,2019-08-15 20:36:09,764
431,52339,2019-08-16 09:19:09,2019-08-15 20:36:09,764
432,52338,2019-08-16 09:19:07,2019-08-15 20:36:08,764
433,52337,2019-08-16 09:19:08,2019-08-15 20:36:08,764
434,52336,2019-08-16 09:19:07,2019-08-15 20:36:08,764
435,52335,2019-08-16 09:19:08,2019-08-15 20:36:07,764
436,52334,2019-08-16 09:19:08,2019-08-15 20:36:08,764
437,52333,2019-08-16 09:19:06,2019-08-15 20:36:06,764
438,52332,2019-08-16 09:19:06,2019-08-15 20:36:06,764
439,52331,2019-08-16 09:19:06,2019-08-15 20:36:06,764
440,52330,2019-08-16 09:19:05,2019-08-15 20:36:05,764
441,52329,2019-08-16 09:19:04,2019-08-15 20:36:04,764
442,52328,2019-08-16 09:19:04,2019-08-15 20:36:04,764
443,52327,2019-08-16 09:19:04,2019-08-15 20:36:04,764
444,52326,2019-08-16 09:19:05,2019-08-15 20:36:05,764
445,52325,2019-08-16 09:19:03,2019-08-15 20:36:03,764
446,52324,2019-08-16 09:19:05,2019-08-15 20:36:05,764
447,52323,2019-08-16 09:19:02,2019-08-15 20:36:02,764
448,52322,2019-08-16 09:19:02,2019-08-15 20:36:02,764
449,52321,2019-08-16 09:19:03,2019-08-15 20:36:03,764
450,52320,2019-08-16 09:20:00,2019-08-15 20:36:00,765
451,52319,2019-08-16 09:19:01,2019-08-15 20:36:01,764
452,52318,2019-08-16 09:19:01,2019-08-15 20:36:01,764
453,52317,2019-08-16 09:19:53,2019-08-15 20:35:53,765
454,52316,2019-08-16 09:20:00,2019-08-15 20:36:00,765
455,52315,2019-08-16 09:19:59,2019-08-15 20:35:59,765
456,52314,2019-08-16 09:19:55,2019-08-15 20:35:55,765
457,52313,2019-08-16 09:19:57,2019-08-15 20:35:57,765
458,52312,2019-08-16 09:19:55,2019-08-15 20:35:55,765
459,52311,2019-08-16 09:19:56,2019-08-15 20:35:56,765
460,52310,2019-08-16 09:19:59,2019-08-15 20:35:59,765
461,52309,2019-08-16 09:19:49,2019-08-15 20:35:49,765
462,52308,2019-08-16 09:19:48,2019-08-15 20:35:48,765
463,52307,2019-08-16 09:19:56,2019-08-15 20:35:56,765
464,52306,2019-08-16 09:19:55,2019-08-15 20:35:55,765
465,52305,2019-08-16 09:19:57,2019-08-15 20:35:57,765
466,52304,2019-08-16 09:19:54,2019-08-15 20:35:54,765
467,52303,2019-08-16 09:19:58,2019-08-15 20:35:58,765
468,52302,2019-08-16 09:19:58,2019-08-15 20:35:58,765
469,52301,2019-08-16 09:19:53,2019-08-15 20:35:53,765
470,52300,2019-08-16 09:19:32,2019-08-15 20:35:32,765
471,52299,2019-08-16 09:19:56,2019-08-15 20:35:56,765
472,52298,2019-08-16 09:19:49,2019-08-15 20:35:49,765
473,52297,2019-08-16 09:19:49,2019-08-15 20:35:49,765
474,52296,2019-08-16 09:19:52,2019-08-15 20:35:52,765
475,52295,2019-08-16 09:19:52,2019-08-15 20:35:52,765
476,52294,2019-08-16 09:19:33,2019-08-15 20:35:33,765
477,52293,2019-08-16 09:19:52,2019-08-15 20:35:52,765
478,52292,2019-08-16 09:19:50,2019-08-15 20:35:50,765
479,52291,2019-08-16 09:19:54,2019-08-15 20:35:54,765
480,52290,2019-08-16 09:19:51,2019-08-15 20:35:51,765
481,52289,2019-08-16 09:19:35,2019-08-15 20:35:35,765
482,52288,2019-08-16 09:19:47,2019-08-15 20:35:47,765
483,52287,2019-08-16 09:19:48,2019-08-15 20:35:48,765
484,52286,2019-08-16 09:19:46,2019-08-15 20:35:46,765
485,52285,2019-08-16 09:19:46,2019-08-15 20:35:46,765
486,52284,2019-08-16 09:19:43,2019-08-15 20:35:43,765
487,52283,2019-08-16 09:19:38,2019-08-15 20:35:38,765
488,52282,2019-08-16 09:19:45,2019-08-15 20:35:45,765
489,52281,2019-08-16 09:19:44,2019-08-15 20:35:44,765
490,52280,2019-08-16 09:19:38,2019-08-15 20:35:38,765
491,52279,2019-08-16 09:19:44,2019-08-15 20:35:44,765
492,52278,2019-08-16 09:19:39,2019-08-15 20:35:39,765
493,52277,2019-08-16 09:19:42,2019-08-15 20:35:42,765
494,52276,2019-08-16 09:19:43,2019-08-15 20:35:43,765
495,52275,2019-08-16 09:19:42,2019-08-15 20:35:42,765
496,52274,2019-08-16 09:19:40,2019-08-15 20:35:40,765
497,52273,2019-08-16 09:19:40,2019-08-15 20:35:40,765
498,52272,2019-08-16 09:19:41,2019-08-15 20:35:41,765
499,52271,2019-08-16 09:19:26,2019-08-15 20:35:26,765
500,52270,2019-08-16 09:19:39,2019-08-15 20:35:39,765
501,52269,2019-08-16 09:19:24,2019-08-15 20:35:24,765
502,52268,2019-08-16 09:19:39,2019-08-15 20:35:39,765
503,52267,2019-08-16 09:19:37,2019-08-15 20:35:37,765
504,52266,2019-08-16 09:19:35,2019-08-15 20:35:35,765
505,52265,2019-08-16 09:19:36,2019-08-15 20:35:36,765
506,52264,2019-08-16 09:19:34,2019-08-15 20:35:34,765
507,52263,2019-08-16 09:19:33,2019-08-15 20:35:33,765
508,52262,2019-08-16 09:19:32,2019-08-15 20:35:32,765
509,52261,2019-08-16 09:19:21,2019-08-15 20:36:21,757
510,52260,2019-08-16 09:19:25,2019-08-15 20:35:25,765
511,52259,2019-08-16 09:19:31,2019-08-15 20:35:32,765
512,52258,2019-08-16 09:19:30,2019-08-15 20:35:30,765
513,52257,2019-08-16 09:19:29,2019-08-15 20:35:29,765
514,52256,2019-08-16 09:19:28,2019-08-15 20:35:28,765
515,52255,2019-08-16 09:19:27,2019-08-15 20:35:27,765
516,52254,2019-08-16 09:19:26,2019-08-15 20:35:26,765
517,52253,2019-08-16 09:19:23,2019-08-15 20:36:23,752
518,52252,2019-08-16 09:19:24,2019-08-15 20:35:24,765
519,52251,2019-08-16 09:19:25,2019-08-15 20:35:25,765
520,52250,2019-08-16 09:19:22,2019-08-15 20:36:22,753
521,52249,2019-08-16 09:19:23,2019-08-15 20:36:23,752
522,52248,2019-08-16 09:19:22,2019-08-15 20:36:22,753
523,52247,2019-08-16 09:19:21,2019-08-15 20:36:21,757
524,52246,2019-08-16 09:19:23,2019-08-15 20:36:23,752
525,52245,2019-08-16 09:19:17,2019-08-15 20:36:17,752
526,52244,2019-08-16 09:19:16,2019-08-15 20:36:16,754
527,52243,2019-08-16 09:19:06,2019-08-15 20:36:06,757
528,52242,2019-08-16 09:19:05,2019-08-15 20:36:05,752
529,52241,2019-08-16 09:19:04,2019-08-15 20:36:04,754
530,52240,2019-08-16 09:19:15,2019-08-15 20:36:15,750
531,52239,2019-08-16 09:19:05,2019-08-15 20:36:05,752
532,52238,2019-08-16 09:19:04,2019-08-15 20:36:04,754
533,52237,2019-08-16 09:19:43,2019-08-15 20:35:43,755
534,52236,2019-08-16 09:19:57,2019-08-15 20:35:57,751
535,52235,2019-08-16 09:19:42,2019-08-15 20:35:42,754
536,52234,2019-08-16 09:19:19,2019-08-15 20:36:19,764
537,52233,2019-08-16 09:19:44,2019-08-15 20:35:44,754
538,52232,2019-08-16 09:19:55,2019-08-15 20:35:55,750
539,52231,2019-08-16 09:19:54,2019-08-15 20:35:54,756
540,52230,2019-08-16 09:19:53,2019-08-15 20:35:53,750
541,52229,2019-08-16 09:19:38,2019-08-15 20:35:38,754
542,52228,2019-08-16 09:19:37,2019-08-15 20:35:37,749
543,52227,2019-08-16 09:19:56,2019-08-15 20:35:56,760
544,52226,2019-08-16 09:19:31,2019-08-15 20:35:31,753
545,52225,2019-08-16 09:19:53,2019-08-15 20:35:53,750
546,52224,2019-08-16 09:18:59,2019-08-15 20:35:59,750
547,52223,2019-08-16 09:19:29,2019-08-15 20:35:29,757
548,52222,2019-08-16 09:19:27,2019-08-15 20:35:27,756
549,52221,2019-08-16 09:19:03,2019-08-15 20:36:03,758
550,52220,2019-08-16 09:19:01,2019-08-15 20:36:01,755
551,52219,2019-08-16 09:19:43,2019-08-15 20:35:43,754
552,52218,2019-08-16 09:19:58,2019-08-15 20:35:58,756
553,52217,2019-08-16 09:19:55,2019-08-15 20:35:55,750
554,52216,2019-08-16 09:19:46,2019-08-15 20:35:46,756
555,52215,2019-08-16 09:19:28,2019-08-15 20:35:28,753
556,52214,2019-08-16 09:19:35,2019-08-15 20:35:35,757
557,52213,2019-08-16 09:19:02,2019-08-15 20:36:02,753
558,52212,2019-08-16 09:19:25,2019-08-15 20:35:25,757
559,52211,2019-08-16 09:19:54,2019-08-15 20:35:54,756
560,52210,2019-08-16 09:18:59,2019-08-15 20:35:59,750
561,52209,2019-08-16 09:19:00,2019-08-15 20:36:00,749
562,52208,2019-08-16 09:19:34,2019-08-15 20:35:34,755
563,52207,2019-08-16 09:19:24,2019-08-15 20:35:24,752
564,52206,2019-08-16 09:19:44,2019-08-15 20:35:44,754
565,52205,2019-08-16 09:19:33,2019-08-15 20:35:33,757
566,52204,2019-08-16 09:19:03,2019-08-15 20:36:03,758
567,52203,2019-08-16 09:19:42,2019-08-15 20:35:42,754
568,52202,2019-08-16 09:19:49,2019-08-15 20:35:49,753
569,52201,2019-08-16 09:19:36,2019-08-15 20:35:36,751
570,52200,2019-08-16 09:19:47,2019-08-15 20:35:47,760
571,52199,2019-08-16 09:19:37,2019-08-15 20:35:37,749
572,52198,2019-08-16 09:19:26,2019-08-15 20:35:26,758
573,52197,2019-08-16 09:19:54,2019-08-15 20:35:54,756
574,52196,2019-08-16 09:19:53,2019-08-15 20:35:53,751
575,52195,2019-08-16 09:19:25,2019-08-15 20:35:25,757
576,52194,2019-08-16 09:19:52,2019-08-15 20:35:52,752
577,52193,2019-08-16 09:19:36,2019-08-15 20:35:36,754
578,52192,2019-08-16 09:19:48,2019-08-15 20:35:48,757
579,52191,2019-08-16 09:19:30,2019-08-15 20:35:30,747
580,52190,2019-08-16 09:19:00,2019-08-15 20:36:00,749
581,52189,2019-08-16 09:19:38,2019-08-15 20:35:38,753
582,10446,2019-08-23 17:14:34,2019-08-23 17:11:04,8
583,10445,2019-08-23 17:14:35,2019-08-23 17:11:05,8
584,10439,2019-08-25 23:00:41,2019-08-22 21:00:41,75
585,10430,2019-08-21 13:24:25,2019-08-21 13:07:25,18
586,10429,2019-08-21 13:24:24,2019-08-21 13:07:24,18
587,10334,2019-08-22 16:38:57,2019-08-20 01:38:57,22
588,10239,2019-08-25 23:00:44,2019-08-19 16:00:44,152
589,10231,2019-08-25 23:00:43,2019-08-19 15:00:41,231
590,10230,2019-08-25 23:00:37,2019-08-19 15:00:37,153
591,10197,2019-08-16 10:27:37,2019-08-16 10:22:37,6
592,10196,2019-08-16 10:27:37,2019-08-16 10:22:37,6
593,10195,2019-08-16 10:21:37,2019-08-16 10:20:37,2
594,10194,2019-08-16 10:21:37,2019-08-16 10:20:37,2
595,10192,2019-08-16 10:19:37,2019-08-16 09:57:37,6
596,10191,2019-08-16 10:29:52,2019-08-16 09:54:43,2
597,10189,2019-08-16 10:19:37,2019-08-16 09:53:37,10
598,10188,2019-08-15 20:22:37,2019-08-15 20:22:37,1
599,10187,2019-08-15 20:22:37,2019-08-15 20:22:37,1
600,10186,2019-08-15 19:21:37,2019-08-15 19:06:37,16
601,10185,2019-08-15 19:05:37,2019-08-15 17:49:37,76
602,10153,,,0
603,10149,,,0
604,10142,,,0
605,10134,,,0
606,10130,,,0
607,10122,,,0
608,10114,,,0
609,10105,,,0
610,10097,,,0
611,10092,,,0
612,10082,,,0
613,10076,,,0
614,10067,,,0
615,10060,,,0
616,10055,,,0
617,10045,,,0
618,9880,2019-08-25 17:46:23,2019-08-15 17:46:24,11
619,9879,2019-08-25 17:46:19,2019-08-15 17:46:20,11
620,9878,2019-08-25 23:47:29,2019-08-15 05:47:29,42
621,9877,2019-08-25 23:47:29,2019-08-15 05:47:28,42
622,9876,2019-08-25 23:47:27,2019-08-15 05:47:27,42
623,9875,2019-08-25 23:47:26,2019-08-15 05:47:27,42
624,9874,2019-08-25 23:47:25,2019-08-15 05:47:25,42
625,9815,,,0
626,9814,,,0
627,9813,,,0
628,9812,,,0
629,9811,,,0
630,9810,,,0
631,9807,,,0
632,9806,,,0
633,9804,,,0
634,9802,,,0
635,9798,,,0
636,9793,,,0
637,9788,,,0
638,9786,,,0
639,9783,,,0
640,9781,,,0
641,9778,,,0
642,9775,,,0
643,9769,,,0
644,9768,,,0
645,9766,,,0
646,9759,,,0
647,9758,,,0
648,9757,,,0
649,9751,,,0
650,9748,,,0
651,9747,,,0
652,9746,,,0
653,9736,,,0
654,9735,,,0
655,9734,,,0
656,9733,2019-08-25 23:11:16,2019-08-15 00:11:16,250
657,9732,2019-08-25 23:11:14,2019-08-15 00:11:14,250
658,9714,,,0
659,9713,,,0
660,9707,,,0
661,9701,,,0
662,9700,,,0
663,9699,,,0
664,9693,,,0
665,9692,,,0
666,9690,,,0
667,9689,,,0
668,9688,,,0
669,9687,,,0
670,9686,,,0
671,9685,,,0
672,9680,2019-08-25 23:19:03,2019-08-15 00:19:03,251
673,9679,2019-08-25 23:19:01,2019-08-15 00:19:01,251
674,9664,,,0
675,9658,,,0
676,9656,,,0
677,9654,,,0
678,9653,,,0
679,9647,,,0
680,9645,,,0
681,9643,,,0
682,9620,,,0
683,9619,,,0
684,9618,,,0
685,9617,,,0
686,9615,,,0
687,9613,,,0
688,9610,,,0
689,9609,,,0
690,9608,,,0
691,9607,,,0
692,9605,,,0
693,9603,,,0
694,9576,,,0
695,9575,,,0
696,9574,,,0
697,9573,,,0
698,9572,,,0
699,9571,,,0
700,9570,,,0
701,9569,,,0
702,9568,,,0
703,9567,,,0
704,9563,,,0
705,9562,,,0
706,9561,,,0
707,9560,,,0
708,9559,,,0
709,9558,,,0
710,9557,,,0
711,9556,,,0
712,9555,,,0
713,9554,,,0
714,9553,,,0
715,9552,,,0
716,9551,,,0
717,9550,,,0
718,9549,,,0
719,9548,,,0
720,9547,,,0
721,9546,,,0
722,9545,,,0
723,9544,,,0
724,9543,,,0
725,9542,,,0
726,9541,,,0
727,9537,,,0
728,9536,,,0
729,9535,,,0
730,9532,,,0
731,9531,,,0
732,9530,,,0
733,9529,,,0
734,9528,,,0
735,9527,,,0
736,9526,,,0
737,9525,,,0
738,9524,,,0
739,9523,,,0
740,9522,2019-08-25 23:51:43,2019-08-15 00:51:43,249
741,9521,2019-08-25 23:51:41,2019-08-15 00:51:41,249
742,9520,2019-08-25 23:51:00,2019-08-15 00:51:00,249
743,9519,2019-08-25 23:50:58,2019-08-15 00:50:58,249
744,9514,2019-08-25 23:50:17,2019-08-15 00:50:17,249
745,9513,2019-08-25 23:50:15,2019-08-15 00:50:15,249
746,9460,,,0
747,9459,,,0
748,9458,,,0
749,9457,,,0
750,9456,,,0
751,9455,,,0
752,9453,,,0
753,9451,,,0
754,9449,,,0
755,9447,,,0
756,9445,,,0
757,9443,,,0
758,9442,,,0
759,9441,,,0
760,9440,,,0
761,9439,,,0
762,9438,,,0
763,9437,,,0
764,9436,,,0
765,9435,,,0
766,9434,,,0
767,9433,,,0
768,9432,,,0
769,9431,,,0
770,9430,,,0
771,9429,,,0
772,9428,,,0
773,9427,,,0
774,9426,,,0
775,9425,,,0
776,9424,,,0
777,9423,,,0
778,9422,,,0
779,9421,,,0
780,9420,,,0
781,9419,,,0
782,9418,,,0
783,9417,,,0
784,9415,,,0
785,9413,,,0
786,9404,,,0
787,9402,,,0
788,9401,,,0
789,9400,,,0
790,9395,,,0
791,9394,,,0
792,9393,,,0
793,9392,,,0
794,9391,,,0
795,9390,,,0
796,9389,,,0
797,9388,,,0
798,9387,,,0
799,9386,,,0
800,9385,,,0
801,9384,,,0
802,9383,,,0
803,9382,,,0
804,9381,,,0
805,9379,,,0
806,9376,,,0
807,9375,,,0
808,9374,,,0
809,9373,,,0
810,9372,,,0
811,9371,,,0
812,9370,,,0
813,9369,,,0
814,9368,,,0
815,9367,,,0
816,9366,,,0
817,9365,,,0
818,9364,,,0
819,9363,,,0
820,9362,,,0
821,9361,,,0
822,9360,,,0
823,9359,,,0
824,9358,,,0
825,9357,,,0
826,9356,,,0
827,9355,,,0
828,9354,,,0
829,9353,,,0
830,9352,,,0
831,9351,,,0
832,9350,,,0
833,9349,,,0
834,9348,,,0
835,9345,,,0
836,9344,,,0
837,9341,,,0
838,9339,,,0
839,9328,,,0
840,9327,,,0
841,9326,,,0
842,9325,,,0
843,9322,,,0
844,9321,,,0
845,9310,,,0
846,9309,,,0
847,9307,,,0
848,9306,,,0
849,9305,,,0
850,9304,,,0
851,9300,,,0
852,9298,,,0
853,9296,,,0
854,9293,,,0
855,9290,,,0
856,9289,,,0
857,9286,,,0
858,9285,,,0
859,9284,,,0
860,9282,,,0
861,9094,,,0
862,1807,,,0
863,1806,2019-08-25 23:28:37,2019-08-15 00:28:37,250
864,1805,2019-08-25 23:28:35,2019-08-15 00:28:35,250
865,1804,2019-08-25 23:04:48,2019-08-15 00:04:48,250
866,1803,2019-08-25 23:04:47,2019-08-15 00:04:46,250
867,1801,,,0
868,1797,2019-08-25 23:02:39,2019-08-15 00:02:39,250
869,1796,2019-08-25 23:02:37,2019-08-15 00:02:37,250
870,1791,2019-08-25 23:01:56,2019-08-15 00:01:56,250
871,1790,2019-08-25 23:01:54,2019-08-15 00:01:54,250
872,1789,,,0
873,1788,,,0
874,1787,,,0
875,1782,,,0
876,1781,,,0
877,1776,,,0
878,1775,,,0
879,1759,,,0
880,1754,,,0
881,1753,,,0
882,1752,,,0
883,1751,,,0
884,1750,,,0
885,1740,,,0
886,1739,,,0
887,1733,,,0
888,1716,,,0
889,1675,2019-08-25 23:03:22,2019-08-15 00:03:22,250
890,1674,2019-08-25 23:03:20,2019-08-15 00:03:20,250
891,1667,,,0
892,1663,,,0
893,1662,,,0
894,1656,,,0
895,1655,,,0
896,1654,,,0
897,1652,,,0
898,1651,,,0
899,1650,,,0
900,1649,,,0
901,1648,2019-08-25 23:59:47,2019-08-15 00:59:47,250
902,1647,2019-08-25 23:59:45,2019-08-15 00:59:45,250
903,1646,,,0
904,1642,,,0
905,1641,,,0
906,1640,,,0
907,1637,,,0
908,1630,,,0
909,1620,,,0
910,1606,,,0
911,1604,,,0
912,1603,,,0
913,1602,,,0
914,1601,,,0
915,1600,,,0
916,1599,,,0
917,1588,,,0
918,1585,,,0
919,1579,,,0
920,1576,,,0
921,1574,,,0
922,1573,,,0
923,1572,,,0
924,1560,,,0
925,1559,,,0
926,1558,,,0
927,1557,,,0
928,1556,,,0
929,1553,,,0
930,1545,,,0
931,1541,,,0
932,1540,2019-08-25 23:57:36,2019-08-15 00:57:36,251
933,1539,,,0
934,1538,2019-08-25 23:57:38,2019-08-15 00:57:38,251
935,1534,,,0
936,1510,,,0
937,1506,,,0
938,1502,,,0
939,1501,,,0
940,1496,,,0
941,1486,,,0
942,1482,,,0
943,1456,,,0
944,1444,,,0
945,1438,,,0
946,1437,,,0
947,1434,,,0
948,1433,,,0
949,1431,,,0
950,1427,,,0
951,1422,,,0
952,1421,,,0
953,1420,,,0
954,1419,,,0
955,1418,,,0
956,1409,,,0
957,1402,,,0
958,1399,,,0
959,1391,,,0
960,1389,,,0
961,1387,,,0
962,1374,,,0
963,1372,,,0
964,1357,,,0
965,1345,,,0
966,1344,,,0
967,1336,,,0
968,1330,,,0
969,1309,,,0
970,1304,,,0
971,1303,,,0
972,1301,,,0
973,1291,,,0
974,1248,,,0
975,143,2019-08-25 23:04:05,2019-08-15 00:04:05,250
976,142,2019-08-25 23:04:03,2019-08-15 00:04:03,250
977,141,2019-08-25 23:01:13,2019-08-15 00:01:13,250
978,140,2019-08-25 23:01:11,2019-08-15 00:01:11,250
979,139,,,0
980,137,,,0
981,136,,,0
982,135,,,0
983,133,,,0
984,132,,,0
985,131,,,0
986,130,,,0
987,129,,,0
988,128,,,0
989,127,,,0
990,123,,,0
991,121,,,0
992,118,,,0
993,116,,,0
994,115,,,0
995,114,,,0
996,112,,,0
997,111,,,0
998,101,,,0
999,97,,,0
1000,94,,,0
1001,90,,,0
1002,86,,,0
1003,84,,,0
1004,83,,,0
1005,82,,,0
1006,81,,,0
1007,80,,,0
1008,77,,,0
1009,74,,,0
1010,68,,,0
1011,66,,,0
1012,63,,,0
1013,55,,,0
1014,46,,,0
1015,45,,,0
1016,44,,,0
1017,42,,,0
1018,39,,,0
1019,38,,,0
1020,34,,,0
1021,31,,,0
1022,30,,,0
1023,29,,,0
1024,4,,,0
1025,3,,,0
